date,year,meeting_id,statement_url,minutes_url
2000-02-02,2000,2000-02-02,https://www.federalreserve.gov/boarddocs/press/general/2000/20000202/,https://www.federalreserve.gov/fomc/minutes/20000202.htm
2000-03-21,2000,2000-03-21,https://www.federalreserve.gov/boarddocs/press/general/2000/20000321/,https://www.federalreserve.gov/fomc/minutes/20000321.htm
2000-05-16,2000,2000-05-16,https://www.federalreserve.gov/boarddocs/press/general/2000/20000516/,https://www.federalreserve.gov/fomc/minutes/20000516.htm
2000-06-28,2000,2000-06-28,https://www.federalreserve.gov/boarddocs/press/general/2000/20000628/,https://www.federalreserve.gov/fomc/minutes/20000628.htm
2000-08-22,2000,2000-08-22,https://www.federalreserve.gov/boarddocs/press/general/2000/20000822/,https://www.federalreserve.gov/fomc/minutes/20000822.htm
2000-10-03,2000,2000-10-03,https://www.federalreserve.gov/boarddocs/press/general/2000/20001003/,https://www.federalreserve.gov/fomc/minutes/20001003.htm
2000-11-15,2000,2000-11-15,https://www.federalreserve.gov/boarddocs/press/general/2000/20001115/,https://www.federalreserve.gov/fomc/minutes/20001115.htm
2000-12-19,2000,2000-12-19,https://www.federalreserve.gov/boarddocs/press/general/2000/20001219/,https://www.federalreserve.gov/fomc/minutes/20001219.htm
2001-01-31,2001,2001-01-31,https://www.federalreserve.gov/boarddocs/press/general/2001/20010131/,https://www.federalreserve.gov/fomc/minutes/20010131.htm
2001-03-20,2001,2001-03-20,https://www.federalreserve.gov/boarddocs/press/general/2001/20010320/,https://www.federalreserve.gov/fomc/minutes/20010320.htm
2001-05-15,2001,2001-05-15,https://www.federalreserve.gov/boarddocs/press/general/2001/20010515/,https://www.federalreserve.gov/fomc/minutes/20010515.htm
2001-06-27,2001,2001-06-27,https://www.federalreserve.gov/boarddocs/press/general/2001/20010627/,https://www.federalreserve.gov/fomc/minutes/20010627.htm
2001-08-21,2001,2001-08-21,https://www.federalreserve.gov/boarddocs/press/general/2001/20010821/,https://www.federalreserve.gov/fomc/minutes/20010821.htm
2001-10-02,2001,2001-10-02,https://www.federalreserve.gov/boarddocs/press/general/2001/20011002/,https://www.federalreserve.gov/fomc/minutes/20011002.htm
2001-11-06,2001,2001-11-06,https://www.federalreserve.gov/boarddocs/press/general/2001/20011106/,https://www.federalreserve.gov/fomc/minutes/20011106.htm
2001-12-11,2001,2001-12-11,https://www.federalreserve.gov/boarddocs/press/general/2001/20011211/,https://www.federalreserve.gov/fomc/minutes/20011211.htm
2002-01-30,2002,2002-01-30,https://www.federalreserve.gov/boarddocs/press/general/2002/20020130/,https://www.federalreserve.gov/fomc/minutes/20020130.htm
2002-03-19,2002,2002-03-19,https://www.federalreserve.gov/boarddocs/press/general/2002/20020319/,https://www.federalreserve.gov/fomc/minutes/20020319.htm
2002-05-07,2002,2002-05-07,https://www.federalreserve.gov/boarddocs/press/monetary/2002/20020507/,https://www.federalreserve.gov/fomc/minutes/20020507.htm
2002-06-26,2002,2002-06-26,https://www.federalreserve.gov/boarddocs/press/monetary/2002/20020626/,https://www.federalreserve.gov/fomc/minutes/20020626.htm
2002-08-13,2002,2002-08-13,https://www.federalreserve.gov/boarddocs/press/monetary/2002/20020813/,https://www.federalreserve.gov/fomc/minutes/20020813.htm
2002-09-24,2002,2002-09-24,https://www.federalreserve.gov/boarddocs/press/monetary/2002/20020924/,https://www.federalreserve.gov/fomc/minutes/20020924.htm
2002-11-06,2002,2002-11-06,https://www.federalreserve.gov/boarddocs/press/monetary/2002/20021106/,https://www.federalreserve.gov/fomc/minutes/20021106.htm
2002-12-10,2002,2002-12-10,https://www.federalreserve.gov/boarddocs/press/monetary/2002/20021210/,https://www.federalreserve.gov/fomc/minutes/20021210.htm
2003-01-29,2003,2003-01-29,https://www.federalreserve.gov/boarddocs/press/monetary/2003/20030129/default.htm,https://www.federalreserve.gov/fomc/minutes/20030129.htm
2003-03-18,2003,2003-03-18,https://www.federalreserve.gov/boarddocs/press/monetary/2003/20030318/default.htm,https://www.federalreserve.gov/fomc/minutes/20030318.htm
2003-05-06,2003,2003-05-06,https://www.federalreserve.gov/boarddocs/press/monetary/2003/20030506/default.htm,https://www.federalreserve.gov/fomc/minutes/20030506.htm
2003-06-25,2003,2003-06-25,https://www.federalreserve.gov/boarddocs/press/monetary/2003/20030625/default.htm,https://www.federalreserve.gov/fomc/minutes/20030625.htm
2003-08-12,2003,2003-08-12,https://www.federalreserve.gov/boarddocs/press/monetary/2003/20030812/default.htm,https://www.federalreserve.gov/fomc/minutes/20030812.htm
2003-09-15,2003,2003-09-15,,
2003-09-16,2003,2003-09-16,https://www.federalreserve.gov/boarddocs/press/monetary/2003/20030916/default.htm,https://www.federalreserve.gov/fomc/minutes/20030916.htm
2003-10-28,2003,2003-10-28,https://www.federalreserve.gov/boarddocs/press/monetary/2003/20031028/default.htm,https://www.federalreserve.gov/fomc/minutes/20031028.htm
2003-12-09,2003,2003-12-09,https://www.federalreserve.gov/boarddocs/press/monetary/2003/20031209/default.htm,https://www.federalreserve.gov/fomc/minutes/20031209.htm
2004-01-28,2004,2004-01-28,https://www.federalreserve.gov/boarddocs/press/monetary/2004/20040128/default.htm,https://www.federalreserve.gov/fomc/minutes/20040128.htm
2004-03-16,2004,2004-03-16,https://www.federalreserve.gov/boarddocs/press/monetary/2004/20040316/default.htm,https://www.federalreserve.gov/fomc/minutes/20040316.htm
2004-05-04,2004,2004-05-04,https://www.federalreserve.gov/boarddocs/press/monetary/2004/20040504/default.htm,https://www.federalreserve.gov/fomc/minutes/20040504.htm
2004-06-30,2004,2004-06-30,https://www.federalreserve.gov/boarddocs/press/monetary/2004/20040630/default.htm,https://www.federalreserve.gov/fomc/minutes/20040630.htm
2004-08-10,2004,2004-08-10,https://www.federalreserve.gov/boarddocs/press/monetary/2004/20040810/default.htm,https://www.federalreserve.gov/fomc/minutes/20040810.htm
2004-09-21,2004,2004-09-21,https://www.federalreserve.gov/boarddocs/press/monetary/2004/20040921/default.htm,https://www.federalreserve.gov/fomc/minutes/20040921.htm
2004-11-10,2004,2004-11-10,https://www.federalreserve.gov/boarddocs/press/monetary/2004/20041110/default.htm,https://www.federalreserve.gov/fomc/minutes/20041110.htm
2004-12-14,2004,2004-12-14,https://www.federalreserve.gov/boarddocs/press/monetary/2004/20041214/default.htm,https://www.federalreserve.gov/fomc/minutes/20041214.htm
2005-02-02,2005,2005-02-02,https://www.federalreserve.gov/boarddocs/press/monetary/2005/20050202/default.htm,https://www.federalreserve.gov/fomc/minutes/20050202.htm
2005-03-22,2005,2005-03-22,https://www.federalreserve.gov/boarddocs/press/monetary/2005/20050322/default.htm,https://www.federalreserve.gov/fomc/minutes/20050322.htm
2005-05-03,2005,2005-05-03,https://www.federalreserve.gov/boarddocs/press/monetary/2005/20050503/default.htm,https://www.federalreserve.gov/fomc/minutes/20050503.htm
2005-06-30,2005,2005-06-30,https://www.federalreserve.gov/boarddocs/press/monetary/2005/20050630/default.htm,https://www.federalreserve.gov/fomc/minutes/20050630.htm
2005-08-09,2005,2005-08-09,https://www.federalreserve.gov/boarddocs/press/monetary/2005/20050809/default.htm,https://www.federalreserve.gov/fomc/minutes/20050809.htm
2005-09-20,2005,2005-09-20,https://www.federalreserve.gov/boarddocs/press/monetary/2005/20050920/,https://www.federalreserve.gov/fomc/minutes/20050920.htm
2005-11-01,2005,2005-11-01,https://www.federalreserve.gov/boarddocs/press/monetary/2005/20051101/,https://www.federalreserve.gov/fomc/minutes/20051101.htm
2005-12-13,2005,2005-12-13,https://www.federalreserve.gov/boarddocs/press/monetary/2005/20051213/,https://www.federalreserve.gov/fomc/minutes/20051213.htm
2006-01-31,2006,2006-01-31,https://www.federalreserve.gov/newsevents/press/monetary/20060131a.htm,https://www.federalreserve.gov/fomc/minutes/20060131.htm
2006-03-28,2006,2006-03-28,https://www.federalreserve.gov/newsevents/press/monetary/20060328a.htm,https://www.federalreserve.gov/fomc/minutes/20060328.htm
2006-05-10,2006,2006-05-10,https://www.federalreserve.gov/newsevents/press/monetary/20060510a.htm,https://www.federalreserve.gov/fomc/minutes/20060510.htm
2006-06-29,2006,2006-06-29,https://www.federalreserve.gov/newsevents/press/monetary/20060629a.htm,https://www.federalreserve.gov/fomc/minutes/20060629.htm
2006-08-08,2006,2006-08-08,https://www.federalreserve.gov/newsevents/press/monetary/20060808a.htm,https://www.federalreserve.gov/fomc/minutes/20060808.htm
2006-09-20,2006,2006-09-20,https://www.federalreserve.gov/newsevents/press/monetary/20060920a.htm,https://www.federalreserve.gov/fomc/minutes/20060920.htm
2006-10-25,2006,2006-10-25,https://www.federalreserve.gov/newsevents/press/monetary/20061025a.htm,https://www.federalreserve.gov/fomc/minutes/20061025.htm
2006-12-12,2006,2006-12-12,https://www.federalreserve.gov/newsevents/press/monetary/20061212a.htm,https://www.federalreserve.gov/fomc/minutes/20061212.htm
2007-01-31,2007,2007-01-31,https://www.federalreserve.gov/newsevents/press/monetary/20070131a.htm,https://www.federalreserve.gov/fomc/minutes/20070131.htm
2007-03-21,2007,2007-03-21,https://www.federalreserve.gov/newsevents/press/monetary/20070321a.htm,https://www.federalreserve.gov/fomc/minutes/20070321.htm
2007-05-09,2007,2007-05-09,https://www.federalreserve.gov/newsevents/press/monetary/20070509a.htm,https://www.federalreserve.gov/fomc/minutes/20070509.htm
2007-06-28,2007,2007-06-28,https://www.federalreserve.gov/newsevents/press/monetary/20070618a.htm,https://www.federalreserve.gov/fomc/minutes/20070628.htm
2007-08-07,2007,2007-08-07,https://www.federalreserve.gov/newsevents/press/monetary/20070807a.htm,https://www.federalreserve.gov/fomc/minutes/20070807.htm
2007-09-18,2007,2007-09-18,https://www.federalreserve.gov/newsevents/press/monetary/20070918a.htm,https://www.federalreserve.gov/fomc/minutes/20070918.htm
2007-10-31,2007,2007-10-31,https://www.federalreserve.gov/newsevents/press/monetary/20071031a.htm,https://www.federalreserve.gov/monetarypolicy/fomcminutes20071031.htm
2007-12-11,2007,2007-12-11,https://www.federalreserve.gov/newsevents/press/monetary/20071211a.htm,https://www.federalreserve.gov/monetarypolicy/fomcminutes20071211.htm
2008-01-30,2008,2008-01-30,https://www.federalreserve.gov/newsevents/press/monetary/20080130a.htm,https://www.federalreserve.gov/monetarypolicy/fomcminutes20080130.htm
2008-03-18,2008,2008-03-18,https://www.federalreserve.gov/newsevents/press/monetary/20080318a.htm,https://www.federalreserve.gov/monetarypolicy/fomcminutes20080318.htm
2008-04-30,2008,2008-04-30,https://www.federalreserve.gov/newsevents/press/monetary/20080430a.htm,https://www.federalreserve.gov/monetarypolicy/fomcminutes20080430.htm
2008-06-25,2008,2008-06-25,https://www.federalreserve.gov/newsevents/press/monetary/20080625a.htm,https://www.federalreserve.gov/monetarypolicy/fomc20080625.htm
2008-08-05,2008,2008-08-05,https://www.federalreserve.gov/newsevents/press/monetary/20080805a.htm,https://www.federalreserve.gov/monetarypolicy/fomcminutes20080805.htm
2008-09-16,2008,2008-09-16,https://www.federalreserve.gov/newsevents/press/monetary/20080916a.htm,https://www.federalreserve.gov/monetarypolicy/fomcminutes20080916.htm
2008-10-29,2008,2008-10-29,https://www.federalreserve.gov/newsevents/press/monetary/20081029a.htm,https://www.federalreserve.gov/monetarypolicy/fomcminutes20081029.htm
2008-12-16,2008,2008-12-16,https://www.federalreserve.gov/newsevents/press/monetary/20081216b.htm,https://www.federalreserve.gov/monetarypolicy/fomcminutes20081216.htm
2009-01-28,2009,2009-01-28,https://www.federalreserve.gov/newsevents/press/monetary/20090128a.htm,https://www.federalreserve.gov/monetarypolicy/fomcminutes20090128.htm
2009-03-18,2009,2009-03-18,https://www.federalreserve.gov/newsevents/press/monetary/20090318a.htm,https://www.federalreserve.gov/monetarypolicy/fomcminutes20090318.htm
2009-04-29,2009,2009-04-29,https://www.federalreserve.gov/newsevents/press/monetary/20090429a.htm,https://www.federalreserve.gov/monetarypolicy/fomcminutes20090429.htm
2009-06-24,2009,2009-06-24,https://www.federalreserve.gov/newsevents/press/monetary/20090624a.htm,https://www.federalreserve.gov/monetarypolicy/fomcminutes20090624.htm
2009-08-12,2009,2009-08-12,https://www.federalreserve.gov/newsevents/press/monetary/20090812a.htm,https://www.federalreserve.gov/monetarypolicy/fomcminutes20090812.htm
2009-09-23,2009,2009-09-23,https://www.federalreserve.gov/newsevents/press/monetary/20090923a.htm,https://www.federalreserve.gov/monetarypolicy/fomcminutes20090923.htm
2009-11-04,2009,2009-11-04,https://www.federalreserve.gov/newsevents/press/monetary/20091104a.htm,https://www.federalreserve.gov/monetarypolicy/fomcminutes20091104.htm
2009-12-16,2009,2009-12-16,https://www.federalreserve.gov/newsevents/press/monetary/20091216a.htm,https://www.federalreserve.gov/monetarypolicy/fomcminutes20091216.htm
2010-01-27,2010,2010-01-27,https://www.federalreserve.gov/newsevents/press/monetary/20100127a.htm,https://www.federalreserve.gov/monetarypolicy/fomcminutes20100127.htm
2010-03-16,2010,2010-03-16,https://www.federalreserve.gov/newsevents/press/monetary/20100316a.htm,https://www.federalreserve.gov/monetarypolicy/fomcminutes20100316.htm
2010-04-28,2010,2010-04-28,https://www.federalreserve.gov/newsevents/press/monetary/20100428a.htm,https://www.federalreserve.gov/monetarypolicy/fomcminutes20100428.htm
2010-06-23,2010,2010-06-23,https://www.federalreserve.gov/newsevents/press/monetary/20100623a.htm,https://www.federalreserve.gov/monetarypolicy/fomcminutes20100623.htm
2010-08-10,2010,2010-08-10,https://www.federalreserve.gov/newsevents/press/monetary/20100810a.htm,https://www.federalreserve.gov/monetarypolicy/fomcminutes20100810.htm
2010-09-21,2010,2010-09-21,https://www.federalreserve.gov/newsevents/press/monetary/20100921a.htm,https://www.federalreserve.gov/monetarypolicy/fomcminutes20100921.htm
2010-11-03,2010,2010-11-03,https://www.federalreserve.gov/newsevents/press/monetary/20101103a.htm,https://www.federalreserve.gov/monetarypolicy/fomcminutes20101103.htm
2010-12-14,2010,2010-12-14,https://www.federalreserve.gov/newsevents/press/monetary/20101214a.htm,https://www.federalreserve.gov/monetarypolicy/fomcminutes20101214.htm
2011-01-26,2011,2011-01-26,https://www.federalreserve.gov/newsevents/pressreleases/monetary20110126a.htm,https://www.federalreserve.gov/monetarypolicy/fomcminutes20110126.htm
2011-03-15,2011,2011-03-15,https://www.federalreserve.gov/newsevents/pressreleases/monetary20110315a.htm,https://www.federalreserve.gov/monetarypolicy/fomcminutes20110315.htm
2011-04-27,2011,2011-04-27,https://www.federalreserve.gov/newsevents/pressreleases/monetary20110427a.htm,https://www.federalreserve.gov/monetarypolicy/fomcminutes20110427.htm
2011-06-22,2011,2011-06-22,https://www.federalreserve.gov/newsevents/pressreleases/monetary20110622a.htm,https://www.federalreserve.gov/monetarypolicy/fomcminutes20110622.htm
2011-08-09,2011,2011-08-09,https://www.federalreserve.gov/newsevents/pressreleases/monetary20110809a.htm,https://www.federalreserve.gov/monetarypolicy/fomcminutes20110809.htm
2011-09-21,2011,2011-09-21,https://www.federalreserve.gov/newsevents/pressreleases/monetary20110921a.htm,https://www.federalreserve.gov/monetarypolicy/fomcminutes20110921.htm
2011-11-02,2011,2011-11-02,https://www.federalreserve.gov/newsevents/pressreleases/monetary20111102a.htm,https://www.federalreserve.gov/monetarypolicy/fomcminutes20111102.htm
2011-12-13,2011,2011-12-13,https://www.federalreserve.gov/newsevents/pressreleases/monetary20111213a.htm,https://www.federalreserve.gov/monetarypolicy/fomcminutes20111213.htm
2012-01-25,2012,2012-01-25,https://www.federalreserve.gov/newsevents/pressreleases/monetary20120125a.htm,https://www.federalreserve.gov/monetarypolicy/fomcminutes20120125.htm
2012-03-13,2012,2012-03-13,https://www.federalreserve.gov/newsevents/pressreleases/monetary20120313a.htm,https://www.federalreserve.gov/monetarypolicy/fomcminutes20120313.htm
2012-04-25,2012,2012-04-25,https://www.federalreserve.gov/newsevents/pressreleases/monetary20120425a.htm,https://www.federalreserve.gov/monetarypolicy/fomcminutes20120425.htm
2012-06-20,2012,2012-06-20,https://www.federalreserve.gov/newsevents/pressreleases/monetary20120620a.htm,https://www.federalreserve.gov/monetarypolicy/fomcminutes20120620.htm
2012-08-01,2012,2012-08-01,https://www.federalreserve.gov/newsevents/pressreleases/monetary20120801a.htm,https://www.federalreserve.gov/monetarypolicy/fomcminutes20120801.htm
2012-09-13,2012,2012-09-13,https://www.federalreserve.gov/newsevents/pressreleases/monetary20120913a.htm,https://www.federalreserve.gov/monetarypolicy/fomcminutes20120913.htm
2012-10-24,2012,2012-10-24,https://www.federalreserve.gov/newsevents/pressreleases/monetary20121024a.htm,https://www.federalreserve.gov/monetarypolicy/fomcminutes20121024.htm
2012-12-12,2012,2012-12-12,https://www.federalreserve.gov/newsevents/pressreleases/monetary20121212a.htm,https://www.federalreserve.gov/monetarypolicy/fomcminutes20121212.htm
2013-01-30,2013,2013-01-30,https://www.federalreserve.gov/newsevents/pressreleases/monetary20130130a.htm,https://www.federalreserve.gov/monetarypolicy/fomcminutes20130130.htm
2013-03-20,2013,2013-03-20,https://www.federalreserve.gov/newsevents/pressreleases/monetary20130320a.htm,https://www.federalreserve.gov/monetarypolicy/fomcminutes20130320.htm
2013-05-01,2013,2013-05-01,https://www.federalreserve.gov/newsevents/pressreleases/monetary20130501a.htm,https://www.federalreserve.gov/monetarypolicy/fomcminutes20130501.htm
2013-06-19,2013,2013-06-19,https://www.federalreserve.gov/newsevents/pressreleases/monetary20130619a.htm,https://www.federalreserve.gov/monetarypolicy/fomcminutes20130619.htm
2013-07-31,2013,2013-07-31,https://www.federalreserve.gov/newsevents/pressreleases/monetary20130731a.htm,https://www.federalreserve.gov/monetarypolicy/fomcminutes20130731.htm
2013-09-18,2013,2013-09-18,https://www.federalreserve.gov/newsevents/pressreleases/monetary20130918a.htm,https://www.federalreserve.gov/monetarypolicy/fomcminutes20130918.htm
2013-10-30,2013,2013-10-30,https://www.federalreserve.gov/newsevents/pressreleases/monetary20131030a.htm,https://www.federalreserve.gov/monetarypolicy/fomcminutes20131030.htm
2013-12-18,2013,2013-12-18,https://www.federalreserve.gov/newsevents/pressreleases/monetary20131218a.htm,https://www.federalreserve.gov/monetarypolicy/fomcminutes20131218.htm
2014-01-29,2014,2014-01-29,https://www.federalreserve.gov/newsevents/pressreleases/monetary20140129a.htm,https://www.federalreserve.gov/monetarypolicy/fomcminutes20140129.htm
2014-03-19,2014,2014-03-19,https://www.federalreserve.gov/newsevents/pressreleases/monetary20140319a.htm,https://www.federalreserve.gov/monetarypolicy/fomcminutes20140319.htm
2014-04-30,2014,2014-04-30,https://www.federalreserve.gov/newsevents/pressreleases/monetary20140430a.htm,https://www.federalreserve.gov/monetarypolicy/fomcminutes20140430.htm
2014-06-18,2014,2014-06-18,https://www.federalreserve.gov/newsevents/pressreleases/monetary20140618a.htm,https://www.federalreserve.gov/monetarypolicy/fomcminutes20140618.htm
2014-07-30,2014,2014-07-30,https://www.federalreserve.gov/newsevents/pressreleases/monetary20140730a.htm,https://www.federalreserve.gov/monetarypolicy/fomcminutes20140730.htm
2014-09-17,2014,2014-09-17,https://www.federalreserve.gov/newsevents/pressreleases/monetary20140917a.htm,https://www.federalreserve.gov/monetarypolicy/fomcminutes20140917.htm
2014-10-29,2014,2014-10-29,https://www.federalreserve.gov/newsevents/pressreleases/monetary20141029a.htm,https://www.federalreserve.gov/monetarypolicy/fomcminutes20141029.htm
2014-12-17,2014,2014-12-17,https://www.federalreserve.gov/newsevents/pressreleases/monetary20141217a.htm,https://www.federalreserve.gov/monetarypolicy/fomcminutes20141217.htm
2015-01-28,2015,2015-01-28,https://www.federalreserve.gov/newsevents/pressreleases/monetary20150128a.htm,https://www.federalreserve.gov/monetarypolicy/fomcminutes20150128.htm
2015-03-18,2015,2015-03-18,https://www.federalreserve.gov/newsevents/pressreleases/monetary20150318a.htm,https://www.federalreserve.gov/monetarypolicy/fomcminutes20150318.htm
2015-04-29,2015,2015-04-29,https://www.federalreserve.gov/newsevents/pressreleases/monetary20150429a.htm,https://www.federalreserve.gov/monetarypolicy/fomcminutes20150429.htm
2015-06-17,2015,2015-06-17,https://www.federalreserve.gov/newsevents/pressreleases/monetary20150617a.htm,https://www.federalreserve.gov/monetarypolicy/fomcminutes20150617.htm
2015-07-29,2015,2015-07-29,https://www.federalreserve.gov/newsevents/pressreleases/monetary20150729a.htm,https://www.federalreserve.gov/monetarypolicy/fomcminutes20150729.htm
2015-09-17,2015,2015-09-17,https://www.federalreserve.gov/newsevents/pressreleases/monetary20150917a.htm,https://www.federalreserve.gov/monetarypolicy/fomcminutes20150917.htm
2015-10-28,2015,2015-10-28,https://www.federalreserve.gov/newsevents/pressreleases/monetary20151028a.htm,https://www.federalreserve.gov/monetarypolicy/fomcminutes20151028.htm
2015-12-16,2015,2015-12-16,https://www.federalreserve.gov/newsevents/pressreleases/monetary20151216a.htm,https://www.federalreserve.gov/monetarypolicy/fomcminutes20151216.htm
2016-01-27,2016,2016-01-27,https://www.federalreserve.gov/newsevents/pressreleases/monetary20160127a.htm,https://www.federalreserve.gov/monetarypolicy/fomcminutes20160127.htm
2016-03-16,2016,2016-03-16,https://www.federalreserve.gov/newsevents/pressreleases/monetary20160316a.htm,https://www.federalreserve.gov/monetarypolicy/fomcminutes20160316.htm
2016-04-27,2016,2016-04-27,https://www.federalreserve.gov/newsevents/pressreleases/monetary20160427a.htm,https://www.federalreserve.gov/monetarypolicy/fomcminutes20160427.htm
2016-06-15,2016,2016-06-15,https://www.federalreserve.gov/newsevents/pressreleases/monetary20160615a.htm,https://www.federalreserve.gov/monetarypolicy/fomcminutes20160615.htm
2016-07-27,2016,2016-07-27,https://www.federalreserve.gov/newsevents/pressreleases/monetary20160727a.htm,https://www.federalreserve.gov/monetarypolicy/fomcminutes20160727.htm
2016-09-21,2016,2016-09-21,https://www.federalreserve.gov/newsevents/pressreleases/monetary20160921a.htm,https://www.federalreserve.gov/monetarypolicy/fomcminutes20160921.htm
2016-11-02,2016,2016-11-02,https://www.federalreserve.gov/newsevents/pressreleases/monetary20161102a.htm,https://www.federalreserve.gov/monetarypolicy/fomcminutes20161102.htm
2016-12-14,2016,2016-12-14,https://www.federalreserve.gov/newsevents/pressreleases/monetary20161214a.htm,https://www.federalreserve.gov/monetarypolicy/fomcminutes20161214.htm
2017-02-01,2017,2017-02-01,https://www.federalreserve.gov/newsevents/pressreleases/monetary20170201a.htm,https://www.federalreserve.gov/monetarypolicy/fomcminutes20170201.htm
2017-03-15,2017,2017-03-15,https://www.federalreserve.gov/newsevents/pressreleases/monetary20170315a.htm,https://www.federalreserve.gov/monetarypolicy/fomcminutes20170315.htm
2017-05-03,2017,2017-05-03,https://www.federalreserve.gov/newsevents/pressreleases/monetary20170503a.htm,https://www.federalreserve.gov/monetarypolicy/fomcminutes20170503.htm
2017-06-14,2017,2017-06-14,https://www.federalreserve.gov/newsevents/pressreleases/monetary20170614a.htm,https://www.federalreserve.gov/monetarypolicy/fomcminutes20170614.htm
2017-07-26,2017,2017-07-26,https://www.federalreserve.gov/newsevents/pressreleases/monetary20170726a.htm,https://www.federalreserve.gov/monetarypolicy/fomcminutes20170726.htm
2017-09-20,2017,2017-09-20,https://www.federalreserve.gov/newsevents/pressreleases/monetary20170920a.htm,https://www.federalreserve.gov/monetarypolicy/fomcminutes20170920.htm
2017-11-01,2017,2017-11-01,https://www.federalreserve.gov/newsevents/pressreleases/monetary20171101a.htm,https://www.federalreserve.gov/monetarypolicy/fomcminutes20171101.htm
2017-12-13,2017,2017-12-13,https://www.federalreserve.gov/newsevents/pressreleases/monetary20171213a.htm,https://www.federalreserve.gov/monetarypolicy/fomcminutes20171213.htm
2018-01-31,2018,2018-01-31,https://www.federalreserve.gov/newsevents/pressreleases/monetary20180131a.htm,https://www.federalreserve.gov/monetarypolicy/fomcminutes20180131.htm
2018-03-21,2018,2018-03-21,https://www.federalreserve.gov/newsevents/pressreleases/monetary20180321a.htm,https://www.federalreserve.gov/monetarypolicy/fomcminutes20180321.htm
2018-05-02,2018,2018-05-02,https://www.federalreserve.gov/newsevents/pressreleases/monetary20180502a.htm,https://www.federalreserve.gov/monetarypolicy/fomcminutes20180502.htm
2018-06-13,2018,2018-06-13,https://www.federalreserve.gov/newsevents/pressreleases/monetary20180613a.htm,https://www.federalreserve.gov/monetarypolicy/fomcminutes20180613.htm
2018-08-01,2018,2018-08-01,https://www.federalreserve.gov/newsevents/pressreleases/monetary20180801a.htm,https://www.federalreserve.gov/monetarypolicy/fomcminutes20180801.htm
2018-09-26,2018,2018-09-26,https://www.federalreserve.gov/newsevents/pressreleases/monetary20180926a.htm,https://www.federalreserve.gov/monetarypolicy/fomcminutes20180926.htm
2018-11-08,2018,2018-11-08,https://www.federalreserve.gov/newsevents/pressreleases/monetary20181108a.htm,https://www.federalreserve.gov/monetarypolicy/fomcminutes20181108.htm
2018-12-19,2018,2018-12-19,https://www.federalreserve.gov/newsevents/pressreleases/monetary20181219a.htm,https://www.federalreserve.gov/monetarypolicy/fomcminutes20181219.htm
2019-01-30,2019,2019-01-30,https://www.federalreserve.gov/newsevents/pressreleases/monetary20190130a.htm,https://www.federalreserve.gov/monetarypolicy/fomcminutes20190130.htm
2019-03-20,2019,2019-03-20,https://www.federalreserve.gov/newsevents/pressreleases/monetary20190320a.htm,https://www.federalreserve.gov/monetarypolicy/fomcminutes20190320.htm
2019-05-01,2019,2019-05-01,https://www.federalreserve.gov/newsevents/pressreleases/monetary20190501a.htm,https://www.federalreserve.gov/monetarypolicy/fomcminutes20190501.htm
2019-06-19,2019,2019-06-19,https://www.federalreserve.gov/newsevents/pressreleases/monetary20190619a.htm,https://www.federalreserve.gov/monetarypolicy/fomcminutes20190619.htm
2019-07-31,2019,2019-07-31,https://www.federalreserve.gov/newsevents/pressreleases/monetary20190731a.htm,https://www.federalreserve.gov/monetarypolicy/fomcminutes20190731.htm
2019-09-18,2019,2019-09-18,https://www.federalreserve.gov/newsevents/pressreleases/monetary20190918a.htm,https://www.federalreserve.gov/monetarypolicy/fomcminutes20190918.htm
2019-10-30,2019,2019-10-30,https://www.federalreserve.gov/newsevents/pressreleases/monetary20191030a.htm,https://www.federalreserve.gov/monetarypolicy/fomcminutes20191030.htm
2019-12-11,2019,2019-12-11,https://www.federalreserve.gov/newsevents/pressreleases/monetary20191211a.htm,https://www.federalreserve.gov/monetarypolicy/fomcminutes20191211.htm
2020-01-29,2020,2020-01-29,https://www.federalreserve.gov/newsevents/pressreleases/monetary20200129a.htm,https://www.federalreserve.gov/monetarypolicy/fomcminutes20200129.htm
2020-04-29,2020,2020-04-29,https://www.federalreserve.gov/newsevents/pressreleases/monetary20200429a.htm,https://www.federalreserve.gov/monetarypolicy/fomcminutes20200429.htm
2020-06-10,2020,2020-06-10,https://www.federalreserve.gov/newsevents/pressreleases/monetary20200610a.htm,https://www.federalreserve.gov/monetarypolicy/fomcminutes20200610.htm
2020-07-29,2020,2020-07-29,https://www.federalreserve.gov/newsevents/pressreleases/monetary20200729a.htm,https://www.federalreserve.gov/monetarypolicy/fomcminutes20200729.htm
2020-09-16,2020,2020-09-16,https://www.federalreserve.gov/newsevents/pressreleases/monetary20200916a.htm,https://www.federalreserve.gov/monetarypolicy/fomcminutes20200916.htm
2020-11-05,2020,2020-11-05,https://www.federalreserve.gov/newsevents/pressreleases/monetary20201105a.htm,https://www.federalreserve.gov/monetarypolicy/fomcminutes20201105.htm
2020-12-16,2020,2020-12-16,https://www.federalreserve.gov/newsevents/pressreleases/monetary20201216a.htm,https://www.federalreserve.gov/monetarypolicy/fomcminutes20201216.htm
2021-01-27,2021,2021-01-27,https://www.federalreserve.gov/newsevents/pressreleases/monetary20210127a.htm,https://www.federalreserve.gov/monetarypolicy/fomcminutes20210127.htm
2021-03-17,2021,2021-03-17,https://www.federalreserve.gov/newsevents/pressreleases/monetary20210317a.htm,https://www.federalreserve.gov/monetarypolicy/fomcminutes20210317.htm
2021-04-28,2021,2021-04-28,https://www.federalreserve.gov/newsevents/pressreleases/monetary20210428a.htm,https://www.federalreserve.gov/monetarypolicy/fomcminutes20210428.htm
2021-06-16,2021,2021-06-16,https://www.federalreserve.gov/newsevents/pressreleases/monetary20210616a.htm,https://www.federalreserve.gov/monetarypolicy/fomcminutes20210616.htm
2021-07-28,2021,2021-07-28,https://www.federalreserve.gov/newsevents/pressreleases/monetary20210728a.htm,https://www.federalreserve.gov/monetarypolicy/fomcminutes20210728.htm
2021-09-22,2021,2021-09-22,https://www.federalreserve.gov/newsevents/pressreleases/monetary20210922a.htm,https://www.federalreserve.gov/monetarypolicy/fomcminutes20210922.htm
2021-11-03,2021,2021-11-03,https://www.federalreserve.gov/newsevents/pressreleases/monetary20211103a.htm,https://www.federalreserve.gov/monetarypolicy/fomcminutes20211103.htm
2021-12-15,2021,2021-12-15,https://www.federalreserve.gov/newsevents/pressreleases/monetary20211215a.htm,https://www.federalreserve.gov/monetarypolicy/fomcminutes20211215.htm
2022-01-26,2022,2022-01-26,https://www.federalreserve.gov/newsevents/pressreleases/monetary20220126a.htm,https://www.federalreserve.gov/monetarypolicy/fomcminutes20220126.htm
2022-03-16,2022,2022-03-16,https://www.federalreserve.gov/newsevents/pressreleases/monetary20220316a.htm,https://www.federalreserve.gov/monetarypolicy/fomcminutes20220316.htm
2022-05-04,2022,2022-05-04,https://www.federalreserve.gov/newsevents/pressreleases/monetary20220504a.htm,https://www.federalreserve.gov/monetarypolicy/fomcminutes20220504.htm
2022-06-15,2022,2022-06-15,https://www.federalreserve.gov/newsevents/pressreleases/monetary20220615a.htm,https://www.federalreserve.gov/monetarypolicy/fomcminutes20220615.htm
2022-07-27,2022,2022-07-27,https://www.federalreserve.gov/newsevents/pressreleases/monetary20220727a.htm,https://www.federalreserve.gov/monetarypolicy/fomcminutes20220727.htm
2022-09-21,2022,2022-09-21,https://www.federalreserve.gov/newsevents/pressreleases/monetary20220921a.htm,https://www.federalreserve.gov/monetarypolicy/fomcminutes20220921.htm
2022-11-02,2022,2022-11-02,https://www.federalreserve.gov/newsevents/pressreleases/monetary20221102a.htm,https://www.federalreserve.gov/monetarypolicy/fomcminutes20221102.htm
2022-12-14,2022,2022-12-14,https://www.federalreserve.gov/newsevents/pressreleases/monetary20221214a.htm,https://www.federalreserve.gov/monetarypolicy/fomcminutes20221214.htm
2023-02-01,2023,2023-02-01,https://www.federalreserve.gov/newsevents/pressreleases/monetary20230201a.htm,https://www.federalreserve.gov/monetarypolicy/fomcminutes20230201.htm
2023-03-22,2023,2023-03-22,https://www.federalreserve.gov/newsevents/pressreleases/monetary20230322a.htm,https://www.federalreserve.gov/monetarypolicy/fomcminutes20230322.htm
2023-05-03,2023,2023-05-03,https://www.federalreserve.gov/newsevents/pressreleases/monetary20230503a.htm,https://www.federalreserve.gov/monetarypolicy/fomcminutes20230503.htm
2023-06-14,2023,2023-06-14,https://www.federalreserve.gov/newsevents/pressreleases/monetary20230614a.htm,https://www.federalreserve.gov/monetarypolicy/fomcminutes20230614.htm
2023-07-26,2023,2023-07-26,https://www.federalreserve.gov/newsevents/pressreleases/monetary20230726a.htm,https://www.federalreserve.gov/monetarypolicy/fomcminutes20230726.htm
2023-09-20,2023,2023-09-20,https://www.federalreserve.gov/newsevents/pressreleases/monetary20230920a.htm,https://www.federalreserve.gov/monetarypolicy/fomcminutes20230920.htm
2023-11-01,2023,2023-11-01,https://www.federalreserve.gov/newsevents/pressreleases/monetary20231101a.htm,https://www.federalreserve.gov/monetarypolicy/fomcminutes20231101.htm
2023-12-13,2023,2023-12-13,https://www.federalreserve.gov/newsevents/pressreleases/monetary20231213a.htm,https://www.federalreserve.gov/monetarypolicy/fomcminutes20231213.htm
2024-01-31,2024,2024-01-31,https://www.federalreserve.gov/newsevents/pressreleases/monetary20240131a.htm,https://www.federalreserve.gov/monetarypolicy/fomcminutes20240131.htm
2024-03-20,2024,2024-03-20,https://www.federalreserve.gov/newsevents/pressreleases/monetary20240320a.htm,https://www.federalreserve.gov/monetarypolicy/fomcminutes20240320.htm
2024-05-01,2024,2024-05-01,https://www.federalreserve.gov/newsevents/pressreleases/monetary20240501a.htm,https://www.federalreserve.gov/monetarypolicy/fomcminutes20240501.htm
2024-06-12,2024,2024-06-12,https://www.federalreserve.gov/newsevents/pressreleases/monetary20240612a.htm,https://www.federalreserve.gov/monetarypolicy/fomcminutes20240612.htm
2024-07-31,2024,2024-07-31,https://www.federalreserve.gov/newsevents/pressreleases/monetary20240731a.htm,https://www.federalreserve.gov/monetarypolicy/fomcminutes20240731.htm
2024-09-18,2024,2024-09-18,https://www.federalreserve.gov/newsevents/pressreleases/monetary20240918a.htm,https://www.federalreserve.gov/monetarypolicy/fomcminutes20240918.htm
2024-11-07,2024,2024-11-07,https://www.federalreserve.gov/newsevents/pressreleases/monetary20241107a.htm,https://www.federalreserve.gov/monetarypolicy/fomcminutes20241107.htm
2024-12-18,2024,2024-12-18,https://www.federalreserve.gov/newsevents/pressreleases/monetary20241218a.htm,https://www.federalreserve.gov/monetarypolicy/fomcminutes20241218.htm
